<?xml version="1.0" encoding="UTF-8"?>
<GenRun Id="impl_1" LaunchPart="xc7a35tcpg236-1" LaunchTime="1717583375">
  <File Type="ROUTE-RQS-RPT" Name="route_report_qor_suggestions_0.rpt"/>
  <File Type="POSTROUTE-PHYSOPT-RQS" Name="master_postroute_physopted.rqs"/>
  <File Type="ROUTE-RQS" Name="master_routed.rqs"/>
  <File Type="WBT-USG" Name="usage_statistics_webtalk.html"/>
  <File Type="BG-BGN" Name="master.bgn"/>
  <File Type="BITSTR-SYSDEF" Name="master.sysdef"/>
  <File Type="BITSTR-LTX" Name="debug_nets.ltx"/>
  <File Type="BITSTR-LTX" Name="master.ltx"/>
  <File Type="RBD_FILE" Name="master.rbd"/>
  <File Type="NPI_FILE" Name="master.npi"/>
  <File Type="RNPI_FILE" Name="master.rnpi"/>
  <File Type="CFI_FILE" Name="master.cfi"/>
  <File Type="RCFI_FILE" Name="master.rcfi"/>
  <File Type="PL-PDI-FILE" Name="master_pld.pdi"/>
  <File Type="BOOT-PDI-FILE" Name="master_soc.pdi"/>
  <File Type="RDI-RDI" Name="master.vdi"/>
  <File Type="PDI-FILE" Name="master.pdi"/>
  <File Type="BITSTR-MMI" Name="master.mmi"/>
  <File Type="BITSTR-BMM" Name="master_bd.bmm"/>
  <File Type="BITSTR-NKY" Name="master.nky"/>
  <File Type="BITSTR-RBT" Name="master.rbt"/>
  <File Type="BITSTR-MSK" Name="master.msk"/>
  <File Type="BG-BIN" Name="master.bin"/>
  <File Type="POSTROUTE-PHYSOPT-RQS-RPT" Name="postroute_physopt_report_qor_suggestions_0.rpt"/>
  <File Type="BG-BIT" Name="master.bit"/>
  <File Type="POSTROUTE-PHYSOPT-BUS-SKEW-RPX" Name="top_spi_bus_skew_postroute_physopted.rpx"/>
  <File Type="POSTROUTE-PHYSOPT-BUS-SKEW-PB" Name="top_spi_bus_skew_postroute_physopted.pb"/>
  <File Type="POSTROUTE-PHYSOPT-BUS-SKEW" Name="top_spi_bus_skew_postroute_physopted.rpt"/>
  <File Type="POSTROUTE-PHYSOPT-TIMING-RPX" Name="top_spi_timing_summary_postroute_physopted.rpx"/>
  <File Type="POSTROUTE-PHYSOPT-TIMING-PB" Name="top_spi_timing_summary_postroute_physopted.pb"/>
  <File Type="POSTROUTE-PHYSOPT-TIMING" Name="top_spi_timing_summary_postroute_physopted.rpt"/>
  <File Type="POSTROUTE-PHYSOPT-BLACKBOX-DCP" Name="master_postroute_physopt_bb.dcp"/>
  <File Type="POSTROUTE-PHYSOPT-DCP" Name="master_postroute_physopt.dcp"/>
  <File Type="BG-DRC" Name="master.drc"/>
  <File Type="ROUTE-RQS-PB" Name="master_rqs_routed.pb"/>
  <File Type="ROUTE-BUS-SKEW-RPX" Name="master_bus_skew_routed.rpx"/>
  <File Type="ROUTE-BUS-SKEW-PB" Name="master_bus_skew_routed.pb"/>
  <File Type="ROUTE-BUS-SKEW" Name="master_bus_skew_routed.rpt"/>
  <File Type="ROUTE-CLK" Name="master_clock_utilization_routed.rpt"/>
  <File Type="ROUTE-SIMILARITY" Name="master_incremental_reuse_routed.rpt"/>
  <File Type="ROUTE-TIMING-RPX" Name="master_timing_summary_routed.rpx"/>
  <File Type="ROUTE-TIMING-PB" Name="master_timing_summary_routed.pb"/>
  <File Type="ROUTE-TIMINGSUMMARY" Name="master_timing_summary_routed.rpt"/>
  <File Type="ROUTE-STATUS-PB" Name="master_route_status.pb"/>
  <File Type="ROUTE-STATUS" Name="master_route_status.rpt"/>
  <File Type="ROUTE-PWR-RPX" Name="master_power_routed.rpx"/>
  <File Type="ROUTE-PWR-SUM" Name="master_power_summary_routed.pb"/>
  <File Type="ROUTE-PWR" Name="master_power_routed.rpt"/>
  <File Type="ROUTE-METHODOLOGY-DRC-PB" Name="master_methodology_drc_routed.pb"/>
  <File Type="ROUTE-METHODOLOGY-DRC-RPX" Name="master_methodology_drc_routed.rpx"/>
  <File Type="ROUTE-METHODOLOGY-DRC" Name="master_methodology_drc_routed.rpt"/>
  <File Type="ROUTE-DRC-RPX" Name="master_drc_routed.rpx"/>
  <File Type="ROUTE-DRC-PB" Name="master_drc_routed.pb"/>
  <File Type="ROUTE-DRC" Name="master_drc_routed.rpt"/>
  <File Type="ROUTE-BLACKBOX-DCP" Name="master_routed_bb.dcp"/>
  <File Type="ROUTE-DCP" Name="master_routed.dcp"/>
  <File Type="ROUTE-ERROR-DCP" Name="master_routed_error.dcp"/>
  <File Type="PHYSOPT-TIMING" Name="master_timing_summary_physopted.rpt"/>
  <File Type="PHYSOPT-DRC" Name="master_drc_physopted.rpt"/>
  <File Type="PHYSOPT-DCP" Name="master_physopt.dcp"/>
  <File Type="POSTPLACE-PWROPT-TIMING" Name="master_timing_summary_postplace_pwropted.rpt"/>
  <File Type="POSTPLACE-PWROPT-DCP" Name="master_postplace_pwropt.dcp"/>
  <File Type="PLACE-RQA-PB" Name="master_rqa_placed.pb"/>
  <File Type="PLACE-TIMING" Name="master_timing_summary_placed.rpt"/>
  <File Type="PLACE-PRE-SIMILARITY" Name="master_incremental_reuse_pre_placed.rpt"/>
  <File Type="PLACE-SIMILARITY" Name="master_incremental_reuse_placed.rpt"/>
  <File Type="PLACE-CTRL" Name="master_control_sets_placed.rpt"/>
  <File Type="PLACE-UTIL-PB" Name="master_utilization_placed.pb"/>
  <File Type="PLACE-UTIL" Name="master_utilization_placed.rpt"/>
  <File Type="PLACE-CLK" Name="master_clock_utilization_placed.rpt"/>
  <File Type="PLACE-IO" Name="master_io_placed.rpt"/>
  <File Type="PLACE-DCP" Name="master_placed.dcp"/>
  <File Type="PWROPT-TIMING" Name="master_timing_summary_pwropted.rpt"/>
  <File Type="PWROPT-DRC" Name="master_drc_pwropted.rpt"/>
  <File Type="PWROPT-DCP" Name="master_pwropt.dcp"/>
  <File Type="OPT-RQA-PB" Name="master_rqa_opted.pb"/>
  <File Type="OPT-HWDEF" Name="master.hwdef"/>
  <File Type="OPT-METHODOLOGY-DRC" Name="master_methodology_drc_opted.rpt"/>
  <File Type="OPT-DRC" Name="master_drc_opted.rpt"/>
  <File Type="OPT-DCP" Name="master_opt.dcp"/>
  <File Type="OPT-TIMING" Name="master_timing_summary_opted.rpt"/>
  <File Type="REPORTS-TCL" Name="master_reports.tcl"/>
  <File Type="INIT-TIMING" Name="master_timing_summary_init.rpt"/>
  <File Type="PA-TCL" Name="master.tcl"/>
  <FileSet Name="sources" Type="DesignSrcs" RelSrcDir="$PSRCDIR/sources_1" RelGenDir="$PGENDIR/sources_1">
    <Filter Type="Srcs"/>
    <File Path="$PSRCDIR/sources_1/new/master.sv">
      <FileInfo>
        <Attr Name="UsedIn" Val="synthesis"/>
        <Attr Name="UsedIn" Val="implementation"/>
        <Attr Name="UsedIn" Val="simulation"/>
      </FileInfo>
    </File>
    <File Path="$PSRCDIR/sources_1/new/mux.sv">
      <FileInfo>
        <Attr Name="AutoDisabled" Val="1"/>
        <Attr Name="UsedIn" Val="synthesis"/>
        <Attr Name="UsedIn" Val="implementation"/>
        <Attr Name="UsedIn" Val="simulation"/>
      </FileInfo>
    </File>
    <File Path="$PSRCDIR/sources_1/new/spi_application.sv">
      <FileInfo>
        <Attr Name="AutoDisabled" Val="1"/>
        <Attr Name="UsedIn" Val="synthesis"/>
        <Attr Name="UsedIn" Val="implementation"/>
        <Attr Name="UsedIn" Val="simulation"/>
      </FileInfo>
    </File>
    <File Path="$PSRCDIR/sources_1/new/top_module.sv">
      <FileInfo>
        <Attr Name="AutoDisabled" Val="1"/>
        <Attr Name="UsedIn" Val="synthesis"/>
        <Attr Name="UsedIn" Val="implementation"/>
        <Attr Name="UsedIn" Val="simulation"/>
      </FileInfo>
    </File>
    <File Path="$PSRCDIR/sources_1/new/application.sv">
      <FileInfo>
        <Attr Name="AutoDisabled" Val="1"/>
        <Attr Name="UsedIn" Val="synthesis"/>
        <Attr Name="UsedIn" Val="implementation"/>
        <Attr Name="UsedIn" Val="simulation"/>
      </FileInfo>
    </File>
    <File Path="$PSRCDIR/sources_1/new/top_spi.v">
      <FileInfo>
        <Attr Name="AutoDisabled" Val="1"/>
        <Attr Name="UsedIn" Val="synthesis"/>
        <Attr Name="UsedIn" Val="implementation"/>
        <Attr Name="UsedIn" Val="simulation"/>
      </FileInfo>
    </File>
    <File Path="$PSRCDIR/sources_1/new/spi_master.sv">
      <FileInfo>
        <Attr Name="AutoDisabled" Val="1"/>
        <Attr Name="UsedIn" Val="synthesis"/>
        <Attr Name="UsedIn" Val="implementation"/>
        <Attr Name="UsedIn" Val="simulation"/>
      </FileInfo>
    </File>
    <File Path="$PSRCDIR/sources_1/new/master_if.sv">
      <FileInfo>
        <Attr Name="AutoDisabled" Val="1"/>
        <Attr Name="UsedIn" Val="synthesis"/>
        <Attr Name="UsedIn" Val="implementation"/>
        <Attr Name="UsedIn" Val="simulation"/>
      </FileInfo>
    </File>
    <Config>
      <Option Name="DesignMode" Val="RTL"/>
      <Option Name="TopModule" Val="master"/>
    </Config>
  </FileSet>
  <FileSet Name="constrs_in" Type="Constrs" RelSrcDir="$PSRCDIR/constrs_1" RelGenDir="$PGENDIR/constrs_1">
    <Filter Type="Constrs"/>
    <File Path="$PSRCDIR/constrs_1/new/top_spi.xdc">
      <FileInfo>
        <Attr Name="UsedIn" Val="synthesis"/>
        <Attr Name="UsedIn" Val="implementation"/>
      </FileInfo>
    </File>
    <Config>
      <Option Name="TargetConstrsFile" Val="$PSRCDIR/constrs_1/new/top_spi.xdc"/>
      <Option Name="ConstrsType" Val="XDC"/>
    </Config>
  </FileSet>
  <FileSet Name="utils" Type="Utils" RelSrcDir="$PSRCDIR/utils_1" RelGenDir="$PGENDIR/utils_1">
    <Filter Type="Utils"/>
    <File Path="$PSRCDIR/utils_1/imports/synth_1/spi_master.dcp">
      <FileInfo>
        <Attr Name="UsedIn" Val="synthesis"/>
        <Attr Name="UsedIn" Val="implementation"/>
        <Attr Name="UsedInSteps" Val="synth_1"/>
        <Attr Name="AutoDcp" Val="1"/>
      </FileInfo>
    </File>
    <Config>
      <Option Name="TopAutoSet" Val="TRUE"/>
    </Config>
  </FileSet>
  <Strategy Version="1" Minor="2">
    <StratHandle Name="Vivado Implementation Defaults" Flow="Vivado Implementation 2023"/>
    <Step Id="init_design"/>
    <Step Id="opt_design"/>
    <Step Id="power_opt_design"/>
    <Step Id="place_design"/>
    <Step Id="post_place_power_opt_design"/>
    <Step Id="phys_opt_design"/>
    <Step Id="route_design"/>
    <Step Id="post_route_phys_opt_design"/>
    <Step Id="write_bitstream"/>
  </Strategy>
</GenRun>
